-- pessoas
INSERT INTO pessoa (cpf,nome,rua,numero,complemento,cep,idade) VALUES ('','','',,'','',);
INSERT INTO pessoa (cpf,nome,rua,numero,complemento,cep,idade) VALUES ('','','',,'','',);
INSERT INTO pessoa (cpf,nome,rua,numero,complemento,cep,idade) VALUES ('','','',,'','',);
INSERT INTO pessoa (cpf,nome,rua,numero,complemento,cep,idade) VALUES ('','','',,'','',);
INSERT INTO pessoa (cpf,nome,rua,numero,complemento,cep,idade) VALUES ('29909148030','Perry o ornitorrinco','maple drive',2308,'casinha no quintal','69309660',5);
INSERT INTO pessoa (cpf,nome,rua,numero,complemento,cep,idade) VALUES ('29909148031','Agente P','maple drive',2308,'subsolo','69309660',5);
INSERT INTO pessoa (cpf,nome,rua,numero,complemento,cep,idade) VALUES ('49804012014','Robert''); DROP TABLE students; -- ','sanitize',362,'your inputs','58058095',12);
INSERT INTO pessoa (cpf,nome,rua,numero,complemento,cep,idade) VALUES ('','','',,'','',);
INSERT INTO pessoa (cpf,nome,rua,numero,complemento,cep,idade) VALUES ('','','',,'','',);
INSERT INTO pessoa (cpf,nome,rua,numero,complemento,cep,idade) VALUES ('','','',,'','',);
INSERT INTO pessoa (cpf,nome,rua,numero,complemento,cep,idade) VALUES ('','','',,'','',);
INSERT INTO pessoa (cpf,nome,rua,numero,complemento,cep,idade) VALUES ('','','',,'','',);
INSERT INTO pessoa (cpf,nome,rua,numero,complemento,cep,idade) VALUES ('','','',,'','',);
INSERT INTO pessoa (cpf,nome,rua,numero,complemento,cep,idade) VALUES ('','','',,'','',);
-- telefones
-- funcionarios
-- clientes
-- produtos
INSERT INTO produto (codigo,nome,lote) VALUES (60649, 'achocolatado', '453ytu2-243');
INSERT INTO produto (codigo,nome,lote) VALUES (46494, 'loja de conveniencia', '7yw34yr873-4387');
INSERT INTO produto (codigo,nome,lote) VALUES (60554, 'peroxido de oxigenio', 'd9s0h2-548');
INSERT INTO produto (codigo,nome,lote) VALUES (64199, 'cesio-137', 'cdi9767ws-099');
INSERT INTO produto (codigo,nome,lote) VALUES (01380, 'persona 5', '12wdguiju765edf-111');
INSERT INTO produto (codigo,nome,lote) VALUES (61727, 'sonhos', '43ue83j4ujtr-7833');
INSERT INTO produto (codigo,nome,lote) VALUES (20914, 'esperancas', 'oijhgfgj8h798-475');
INSERT INTO produto (codigo,nome,lote) VALUES (70527, 'loja de conveniencia 2', 'p2iki3jm4ni2j-8463');
INSERT INTO produto (codigo,nome,lote) VALUES (67948, 'carteira_bitcoin.wcry', '5xc4787v6cx7c-1337');
INSERT INTO produto (codigo,nome,lote) VALUES (64868, 'maquiagem de palhaco', 'voucoringar-666');
INSERT INTO produto (codigo,nome,lote) VALUES (48234, 'lista de produtos', 'dewd433f5-3284');
INSERT INTO produto (codigo,nome,lote) VALUES (42589, '42.zip', '4443f5f3f3t6gfgh6-4923');
INSERT INTO produto (codigo,nome,lote) VALUES (04379, 'sociedade', 're8g7re8gre8-2814');
INSERT INTO produto (codigo,nome,lote) VALUES (13030, 'botao de auto-destruicao', '7e8rfyregfyref-2314');
INSERT INTO produto (codigo,nome,lote) VALUES (64697, 'atendente', 'x8eyw7dhuewd-9546');
INSERT INTO produto (codigo,nome,lote) VALUES (04000, 'meta-referencia', 'xdwded87wged-43');
INSERT INTO produto (codigo,nome,lote) VALUES (50273, '50273', 'wuee87dg8-000');
INSERT INTO produto (codigo,nome,lote) VALUES (93280, 'prova de que P=NP', '985ueiwr3trwq65wt-2');

-- fornecedores
INSERT INTO fornecedor (cnpj,nome_da_empresa) VALUES (33855174000195,'A Empresa do Malvado Doofenshmirtz');
INSERT INTO fornecedor (cnpj,nome_da_empresa) VALUES (88944414000110,'Loja de Conveniencia 0');
INSERT INTO fornecedor (cnpj,nome_da_empresa) VALUES (04161171000153,'Fornecedores de Achocolatado ltda');
INSERT INTO fornecedor (cnpj,nome_da_empresa) VALUES (13993089000186,'Toby Fox');
INSERT INTO fornecedor (cnpj,nome_da_empresa) VALUES (97170639000157,'Evil Corp');
INSERT INTO fornecedor (cnpj,nome_da_empresa) VALUES (76994489000126,'Zaibatsu Corp');
INSERT INTO fornecedor (cnpj,nome_da_empresa) VALUES (96104203000105,'[object Object]');
-- dependentes
-- produtos fornecidos
INSERT INTO produtoFornecido (cnpj,codigo) VALUES (33855174000195,60649);
INSERT INTO produtoFornecido (cnpj,codigo) VALUES (33855174000195,60554);
INSERT INTO produtoFornecido (cnpj,codigo) VALUES (33855174000195,64868);
INSERT INTO produtoFornecido (cnpj,codigo) VALUES (33855174000195,13030);
INSERT INTO produtoFornecido (cnpj,codigo) VALUES (33855174000195,04379);
INSERT INTO produtoFornecido (cnpj,codigo) VALUES (88944414000110,46494);
INSERT INTO produtoFornecido (cnpj,codigo) VALUES (88944414000110,70527);
INSERT INTO produtoFornecido (cnpj,codigo) VALUES (88944414000110,64697);
INSERT INTO produtoFornecido (cnpj,codigo) VALUES (04161171000153,60649);
INSERT INTO produtoFornecido (cnpj,codigo) VALUES (04161171000153,64199);
INSERT INTO produtoFornecido (cnpj,codigo) VALUES (13993089000186,61727);
INSERT INTO produtoFornecido (cnpj,codigo) VALUES (13993089000186,20914);
INSERT INTO produtoFornecido (cnpj,codigo) VALUES (97170639000157,67948);
INSERT INTO produtoFornecido (cnpj,codigo) VALUES (97170639000157,42589);
INSERT INTO produtoFornecido (cnpj,codigo) VALUES (97170639000157,93280);
INSERT INTO produtoFornecido (cnpj,codigo) VALUES (76994489000126,01380);
INSERT INTO produtoFornecido (cnpj,codigo) VALUES (76994489000126,64199);
INSERT INTO produtoFornecido (cnpj,codigo) VALUES (96104203000105,48234);
INSERT INTO produtoFornecido (cnpj,codigo) VALUES (96104203000105,04000);
INSERT INTO produtoFornecido (cnpj,codigo) VALUES (96104203000105,50273);
-- reabastecimentos
-- vendas
